fips,state,state_code,county_code,tsubs
01001,AL,01,001,32000
01015,AL,01,015,128000
01017,AL,01,017,515636
01033,AL,01,033,43354
01071,AL,01,071,81000000
01073,AL,01,073,175106061
01089,AL,01,089,968900000
01097,AL,01,097,1231500000
01101,AL,01,101,234600000
01115,AL,01,115,150000
01121,AL,01,121,89700000
01125,AL,01,125,220561436
01127,AL,01,127,131250
04001,AZ,04,001,0
04003,AZ,04,003,0
04005,AZ,04,005,0
04007,AZ,04,007,0
04009,AZ,04,009,0
04011,AZ,04,011,0
04013,AZ,04,013,140827516
04015,AZ,04,015,0
04017,AZ,04,017,0
04019,AZ,04,019,0
04021,AZ,04,021,143920000
04023,AZ,04,023,0
04025,AZ,04,025,0
04027,AZ,04,027,0
06001,CA,06,001,32899298
06003,CA,06,003,0
06007,CA,06,007,3095942
06009,CA,06,009,3200
06011,CA,06,011,830276
06013,CA,06,013,7202806
06017,CA,06,017,872888
06019,CA,06,019,105971154
06021,CA,06,021,1134489
06023,CA,06,023,592911
06025,CA,06,025,12346242
06027,CA,06,027,33536
06029,CA,06,029,21107051
06031,CA,06,031,837624
06033,CA,06,033,0
06037,CA,06,037,660385441
06039,CA,06,039,2091281
06041,CA,06,041,3293474
06043,CA,06,043,683137
06045,CA,06,045,126798
06047,CA,06,047,4420554
06049,CA,06,049,27794
06053,CA,06,053,3198046
06055,CA,06,055,303714
06057,CA,06,057,7016
06059,CA,06,059,48488121
06061,CA,06,061,2684418
06065,CA,06,065,18021443
06067,CA,06,067,24233173
06069,CA,06,069,388647
06071,CA,06,071,15897658
06073,CA,06,073,35943149
06075,CA,06,075,44410277
06077,CA,06,077,24524339
06079,CA,06,079,1042561
06081,CA,06,081,8179077
06083,CA,06,083,1309842
06085,CA,06,085,43786588
06087,CA,06,087,964131
06089,CA,06,089,1340082
06095,CA,06,095,1681181
06097,CA,06,097,2206685
06099,CA,06,099,10065418
06101,CA,06,101,779605
06103,CA,06,103,306786
06105,CA,06,105,323717
06107,CA,06,107,7282627
06109,CA,06,109,32380
06111,CA,06,111,5422611
06113,CA,06,113,3565021
06115,CA,06,115,89323
08001,CO,08,001,57721759
08003,CO,08,003,2076524
08005,CO,08,005,44276232
08007,CO,08,007,1109251
08009,CO,08,009,1027833
08011,CO,08,011,1500955
08013,CO,08,013,9953846
08014,CO,08,014,3976544
08015,CO,08,015,694577
08017,CO,08,017,723811
08019,CO,08,019,1088147
08021,CO,08,021,1298995
08023,CO,08,023,2401586
08025,CO,08,025,351796
08027,CO,08,027,92349
08029,CO,08,029,1935119
08031,CO,08,031,222765380
08033,CO,08,033,897602
08035,CO,08,035,20319474
08039,CO,08,039,26432017
08041,CO,08,041,49734187
08043,CO,08,043,1323508
08045,CO,08,045,12170641
08049,CO,08,049,674606
08051,CO,08,051,845178
08055,CO,08,055,564986
08057,CO,08,057,316767
08059,CO,08,059,36629572
08061,CO,08,061,568618
08063,CO,08,063,10943985
08065,CO,08,065,216535
08067,CO,08,067,1619129
08069,CO,08,069,20986915
08071,CO,08,071,4826389
08073,CO,08,073,9904105
08075,CO,08,075,3275940
08077,CO,08,077,6858537
08079,CO,08,079,289220
08081,CO,08,081,1668765
08083,CO,08,083,7959818
08085,CO,08,085,2388976
08087,CO,08,087,11358580
08089,CO,08,089,1543291
08091,CO,08,091,499999
08093,CO,08,093,86146
08095,CO,08,095,1736034
08099,CO,08,099,6626792
08101,CO,08,101,23267848
08103,CO,08,103,5986645
08105,CO,08,105,4759616
08107,CO,08,107,1786494
08109,CO,08,109,1419258
08111,CO,08,111,138337
08113,CO,08,113,75000
08115,CO,08,115,553543
08117,CO,08,117,12078
08119,CO,08,119,33214
08121,CO,08,121,2553796
08123,CO,08,123,74841144
08125,CO,08,125,5290512
09001,CT,09,001,303864893
09003,CT,09,003,95314162
09005,CT,09,005,5561244
09007,CT,09,007,18385186
09009,CT,09,009,118897645
09011,CT,09,011,24487490
09013,CT,09,013,5546887
09015,CT,09,015,2693230
10001,DE,10,001,15876572
10003,DE,10,003,199388464
10005,DE,10,005,11296276
12001,FL,12,001,13035229
12003,FL,12,003,5781600
12005,FL,12,005,13981285
12009,FL,12,009,155510069
12011,FL,12,011,83275352
12013,FL,12,013,387590
12015,FL,12,015,3483452
12017,FL,12,017,3425000
12019,FL,12,019,6652110
12021,FL,12,021,10286000
12023,FL,12,023,12592600
12025,FL,12,025,235110318
12029,FL,12,029,312000
12031,FL,12,031,201603631.4
12033,FL,12,033,23141639
12035,FL,12,035,16894811
12037,FL,12,037,420000
12039,FL,12,039,1390000
12041,FL,12,041,1145500
12043,FL,12,043,201600
12045,FL,12,045,3247889
12047,FL,12,047,3975000
12049,FL,12,049,170000
12051,FL,12,051,1662073
12053,FL,12,053,3083075
12055,FL,12,055,11513050
12057,FL,12,057,152424521.16666666
12059,FL,12,059,120000
12061,FL,12,061,10054254
12063,FL,12,063,17393339
12069,FL,12,069,20681
12071,FL,12,071,135221660
12073,FL,12,073,10033000
12075,FL,12,075,4444
12079,FL,12,079,7330000
12081,FL,12,081,13624707.5
12083,FL,12,083,12882995
12085,FL,12,085,5715000
12086,FL,12,086,96547679.4
12087,FL,12,087,227525
12089,FL,12,089,5854400
12091,FL,12,091,13525811
12093,FL,12,093,10142490
12095,FL,12,095,866966929.5
12097,FL,12,097,13264149.4
12099,FL,12,099,331503874.5
12101,FL,12,101,29963210
12103,FL,12,103,101217394.76666667
12105,FL,12,105,35811076.6
12107,FL,12,107,5177600
12109,FL,12,109,10024000
12111,FL,12,111,301587000
12113,FL,12,113,10360500
12115,FL,12,115,20278631.766666666
12117,FL,12,117,23642314
12119,FL,12,119,1950000
12121,FL,12,121,10986500
12123,FL,12,123,10521000
12125,FL,12,125,994800
12127,FL,12,127,25921239
12131,FL,12,131,871348
12133,FL,12,133,4449050
13001,GA,13,001,1575208
13007,GA,13,007,76000
13009,GA,13,009,1315000
13011,GA,13,011,400000
13013,GA,13,013,200000
13015,GA,13,015,714222500
13017,GA,13,017,1305000
13021,GA,13,021,13784533
13027,GA,13,027,787500
13029,GA,13,029,1801356000
13031,GA,13,031,2300000
13033,GA,13,033,3480000
13035,GA,13,035,200000
13039,GA,13,039,994000
13045,GA,13,045,2725330
13049,GA,13,049,112500
13051,GA,13,051,11025000
13055,GA,13,055,300000
13057,GA,13,057,850000
13059,GA,13,059,624000
13063,GA,13,063,1795000
13065,GA,13,065,350000
13067,GA,13,067,104450000
13069,GA,13,069,5500000
13071,GA,13,071,7550000
13073,GA,13,073,2000000
13075,GA,13,075,1500000
13077,GA,13,077,358350000
13081,GA,13,081,2321435
13085,GA,13,085,20275
13087,GA,13,087,4456565
13091,GA,13,091,1098447
13093,GA,13,093,21925
13095,GA,13,095,2000000
13097,GA,13,097,1181000
13099,GA,13,099,270388
13103,GA,13,103,2950000
13105,GA,13,105,1473300
13107,GA,13,107,1867000
13109,GA,13,109,500000
13121,GA,13,121,310062455
13129,GA,13,129,3000000
13131,GA,13,131,2939476
13135,GA,13,135,3900000
13139,GA,13,139,3100000
13141,GA,13,141,2215000
13143,GA,13,143,3000000
13145,GA,13,145,4000000
13147,GA,13,147,4350000
13151,GA,13,151,1950000
13153,GA,13,153,5997740
13157,GA,13,157,319821625
13159,GA,13,159,4633333.333333333
13161,GA,13,161,1764440
13163,GA,13,163,1000000
13165,GA,13,165,500000
13167,GA,13,167,23175
13171,GA,13,171,891769
13175,GA,13,175,4831250
13179,GA,13,179,5937039
13181,GA,13,181,800000
13185,GA,13,185,4461452
13193,GA,13,193,550000
13199,GA,13,199,3805450
13205,GA,13,205,700009
13207,GA,13,207,325000
13211,GA,13,211,4883333.333333333
13213,GA,13,213,750000
13215,GA,13,215,7671000
13217,GA,13,217,212225000
13219,GA,13,219,18000000
13225,GA,13,225,11488600
13233,GA,13,233,1450000
13235,GA,13,235,575000
13237,GA,13,237,350000
13239,GA,13,239,200000
13245,GA,13,245,8342705
13247,GA,13,247,250000
13251,GA,13,251,1900000
13255,GA,13,255,1350000
13261,GA,13,261,1296258
13265,GA,13,265,2000000
13271,GA,13,271,2150000
13275,GA,13,275,4240000
13277,GA,13,277,3750000
13279,GA,13,279,3089971
13283,GA,13,283,6250000
13285,GA,13,285,418250000
13287,GA,13,287,165000
13289,GA,13,289,2080000
13291,GA,13,291,320000
13293,GA,13,293,2987500
13295,GA,13,295,350000
13297,GA,13,297,850000
13299,GA,13,299,4141809
13301,GA,13,301,500000
13303,GA,13,303,1669500
13305,GA,13,305,130000
13313,GA,13,313,2100000
13317,GA,13,317,812858
15001,HI,15,001,0
15003,HI,15,003,0
15007,HI,15,007,0
15009,HI,15,009,0
17019,IL,17,019,2465000
17021,IL,17,021,538448
17031,IL,17,031,4962470816
17041,IL,17,041,4300
17051,IL,17,051,2208000
17073,IL,17,073,9638827
17075,IL,17,075,14717324
17089,IL,17,089,35527153
17093,IL,17,093,49040888
17095,IL,17,095,1200000
17097,IL,17,097,28477500
17103,IL,17,103,12695275
17107,IL,17,107,500000
17115,IL,17,115,21229920
17119,IL,17,119,3599840
17121,IL,17,121,1158964
17133,IL,17,133,1850000
17155,IL,17,155,126000
17161,IL,17,161,820000
17163,IL,17,163,5100000
17175,IL,17,175,331526
17179,IL,17,179,1600000
17183,IL,17,183,2000000
17189,IL,17,189,3353582
17195,IL,17,195,3073619
17197,IL,17,197,110387173
17201,IL,17,201,8901400
18001,IN,18,001,51774338
18003,IN,18,003,396936162
18005,IN,18,005,174560276
18007,IN,18,007,1605000
18009,IN,18,009,4212500
18011,IN,18,011,276297108
18015,IN,18,015,49146800
18017,IN,18,017,14322800
18019,IN,18,019,178300700
18021,IN,18,021,2841000
18023,IN,18,023,45355000
18025,IN,18,025,672000
18027,IN,18,027,7979000
18029,IN,18,029,15639500
18031,IN,18,031,348053800
18035,IN,18,035,73150082
18037,IN,18,037,22137750
18039,IN,18,039,417430362
18041,IN,18,041,10355400
18043,IN,18,043,30974388
18045,IN,18,045,1350000
18047,IN,18,047,1461000
18049,IN,18,049,4330100
18051,IN,18,051,23804700
18053,IN,18,053,59110000
18055,IN,18,055,18594000
18057,IN,18,057,739810208
18059,IN,18,059,107674800
18061,IN,18,061,13470000
18063,IN,18,063,204620506
18065,IN,18,065,21484000
18067,IN,18,067,76841538
18069,IN,18,069,28952800
18071,IN,18,071,27989400
18073,IN,18,073,15118400
18075,IN,18,075,11823800
18077,IN,18,077,25269700
18079,IN,18,079,28073862
18081,IN,18,081,128385060
18083,IN,18,083,428671500
18085,IN,18,085,194453500
18089,IN,18,089,243889172
18093,IN,18,093,15572000
18095,IN,18,095,117753550
18097,IN,18,097,2862728712
18099,IN,18,099,47750440
18101,IN,18,101,7340000
18103,IN,18,103,10812000
18105,IN,18,105,170313206
18107,IN,18,107,22188394
18109,IN,18,109,43087800
18111,IN,18,111,4872000
18113,IN,18,113,63566652
18115,IN,18,115,340000
18117,IN,18,117,7220000
18119,IN,18,119,6100000
18123,IN,18,123,21924048
18125,IN,18,125,380000
18127,IN,18,127,174528464
18129,IN,18,129,9959000
18131,IN,18,131,5844200
18133,IN,18,133,18926000
18135,IN,18,135,40727096
18137,IN,18,137,18260500
18139,IN,18,139,8911400
18141,IN,18,141,350639110
18143,IN,18,143,16477100
18145,IN,18,145,57454000
18147,IN,18,147,332000
18149,IN,18,149,4370600
18151,IN,18,151,32295500
18153,IN,18,153,456800
18155,IN,18,155,244000
18157,IN,18,157,327977318
18159,IN,18,159,26250000
18161,IN,18,161,190000
18163,IN,18,163,198441870
18165,IN,18,165,2783000
18167,IN,18,167,44646512
18169,IN,18,169,8171000
18171,IN,18,171,2350524
18173,IN,18,173,47188000
18175,IN,18,175,2578500
18177,IN,18,177,48721000
18179,IN,18,179,24388600
18181,IN,18,181,14766000
18183,IN,18,183,65475000
19003,IA,19,003,10945476
19005,IA,19,005,1080134
19007,IA,19,007,1135293
19009,IA,19,009,47094
19011,IA,19,011,2637756
19013,IA,19,013,50969350
19015,IA,19,015,6876145
19017,IA,19,017,5221280
19019,IA,19,019,14154770
19021,IA,19,021,3057500
19023,IA,19,023,5532239
19027,IA,19,027,2733977
19029,IA,19,029,5215298
19031,IA,19,031,556372
19033,IA,19,033,11232850
19035,IA,19,035,4264258
19037,IA,19,037,859586
19039,IA,19,039,1741374
19041,IA,19,041,1834060
19043,IA,19,043,4932320
19045,IA,19,045,43015893
19047,IA,19,047,10876608
19049,IA,19,049,51328116
19053,IA,19,053,3371774
19055,IA,19,055,1960503
19057,IA,19,057,17376407
19059,IA,19,059,7403013
19061,IA,19,061,58932085
19063,IA,19,063,922990
19065,IA,19,065,10128705
19067,IA,19,067,14170023
19069,IA,19,069,1905886
19071,IA,19,071,443010
19075,IA,19,075,276216
19077,IA,19,077,1603190
19079,IA,19,079,156513
19081,IA,19,081,971044
19083,IA,19,083,10535359
19085,IA,19,085,641768
19087,IA,19,087,2659845
19089,IA,19,089,3398789
19091,IA,19,091,657045
19093,IA,19,093,2345843
19095,IA,19,095,8246806
19097,IA,19,097,188892
19099,IA,19,099,5268411
19101,IA,19,101,4844854
19103,IA,19,103,9895603
19105,IA,19,105,486552
19107,IA,19,107,170325
19109,IA,19,109,13804300
19111,IA,19,111,352647467
19113,IA,19,113,137903555
19117,IA,19,117,3397305
19119,IA,19,119,754986
19121,IA,19,121,200000
19123,IA,19,123,979912
19125,IA,19,125,24577152
19127,IA,19,127,3769843
19131,IA,19,131,25106283
19135,IA,19,135,15751349
19137,IA,19,137,306856
19139,IA,19,139,9666603
19143,IA,19,143,345576
19145,IA,19,145,518000
19147,IA,19,147,8255556
19149,IA,19,149,6887889
19153,IA,19,153,272263694
19155,IA,19,155,50464561
19157,IA,19,157,3153496
19159,IA,19,159,85836
19161,IA,19,161,3528125
19163,IA,19,163,49510915
19165,IA,19,165,5247073
19167,IA,19,167,17238524
19169,IA,19,169,73121734
19171,IA,19,171,6922646
19175,IA,19,175,1987060
19179,IA,19,179,5284234
19181,IA,19,181,13118677
19183,IA,19,183,1164924
19185,IA,19,185,3161317
19187,IA,19,187,38756624
19189,IA,19,189,1276663
19193,IA,19,193,149991772
19195,IA,19,195,265685
19197,IA,19,197,26191963
20001,KS,20,001,63000
20003,KS,20,003,0
20005,KS,20,005,6300
20007,KS,20,007,0
20009,KS,20,009,270000
20011,KS,20,011,385000
20013,KS,20,013,66000
20015,KS,20,015,214850
20021,KS,20,021,323511
20023,KS,20,023,0
20029,KS,20,029,0
20035,KS,20,035,987385
20037,KS,20,037,1160064
20041,KS,20,041,0
20043,KS,20,043,0
20045,KS,20,045,3076484
20051,KS,20,051,300000
20053,KS,20,053,0
20055,KS,20,055,2105000
20057,KS,20,057,200000
20059,KS,20,059,90000
20061,KS,20,061,150000
20063,KS,20,063,0
20065,KS,20,065,0
20071,KS,20,071,0
20075,KS,20,075,0
20077,KS,20,077,369621
20079,KS,20,079,2660786
20091,KS,20,091,1360231018
20095,KS,20,095,0
20099,KS,20,099,59500
20103,KS,20,103,0
20107,KS,20,107,88600
20109,KS,20,109,0
20111,KS,20,111,267857
20115,KS,20,115,0
20117,KS,20,117,0
20121,KS,20,121,17000
20125,KS,20,125,100000
20131,KS,20,131,0
20133,KS,20,133,800000
20137,KS,20,137,0
20141,KS,20,141,20114
20143,KS,20,143,0
20145,KS,20,145,0
20147,KS,20,147,0
20149,KS,20,149,439700
20151,KS,20,151,0
20153,KS,20,153,0
20155,KS,20,155,402816
20159,KS,20,159,50000
20161,KS,20,161,22086388
20167,KS,20,167,827006
20169,KS,20,169,1886245
20171,KS,20,171,6000
20173,KS,20,173,46024565
20175,KS,20,175,0
20177,KS,20,177,3862372
20179,KS,20,179,0
20181,KS,20,181,0
20183,KS,20,183,0
20185,KS,20,185,0
20189,KS,20,189,250000
20191,KS,20,191,0
20193,KS,20,193,0
20205,KS,20,205,251691
20209,KS,20,209,153122650
21001,KY,21,001,1704749
21003,KY,21,003,23647160
21005,KY,21,005,21531093
21007,KY,21,007,29014000
21009,KY,21,009,58548098
21011,KY,21,011,14831000
21013,KY,21,013,9100871
21015,KY,21,015,388822302
21017,KY,21,017,16313449
21019,KY,21,019,54168500
21021,KY,21,021,55389723
21023,KY,21,023,4000000
21025,KY,21,025,302422
21027,KY,21,027,8306000
21029,KY,21,029,141120604
21031,KY,21,031,46479960
21033,KY,21,033,10138728
21035,KY,21,035,67391526
21037,KY,21,037,43020662
21039,KY,21,039,503500
21041,KY,21,041,27413980
21043,KY,21,043,14903500
21045,KY,21,045,7808300
21047,KY,21,047,182358834
21049,KY,21,049,71237475
21051,KY,21,051,42449000
21053,KY,21,053,5023000
21055,KY,21,055,6203063
21057,KY,21,057,1520000
21059,KY,21,059,73406478
21061,KY,21,061,7439905
21065,KY,21,065,530684
21067,KY,21,067,223013237
21069,KY,21,069,6382000
21071,KY,21,071,538000
21073,KY,21,073,46486549
21075,KY,21,075,30990472
21077,KY,21,077,53648723
21079,KY,21,079,4448690
21081,KY,21,081,24826215
21083,KY,21,083,28543772
21085,KY,21,085,50473392
21087,KY,21,087,1330000
21089,KY,21,089,25117265
21091,KY,21,091,94046801
21093,KY,21,093,163878797
21095,KY,21,095,2347973
21097,KY,21,097,11609681
21099,KY,21,099,33975488
21101,KY,21,101,425367295
21103,KY,21,103,3236530
21105,KY,21,105,1759000
21107,KY,21,107,117555640
21109,KY,21,109,10948798
21111,KY,21,111,1406932206
21113,KY,21,113,15349505
21115,KY,21,115,7979000
21117,KY,21,117,120184789
21119,KY,21,119,30000000
21121,KY,21,121,62496248
21123,KY,21,123,6909625
21125,KY,21,125,70683366
21127,KY,21,127,889500
21129,KY,21,129,1250000
21131,KY,21,131,24000
21133,KY,21,133,5954000
21135,KY,21,135,8332198
21137,KY,21,137,5098118
21139,KY,21,139,1467000
21141,KY,21,141,54068172
21143,KY,21,143,952000
21145,KY,21,145,765528420
21147,KY,21,147,11337320
21151,KY,21,151,68318188
21153,KY,21,153,6464148
21155,KY,21,155,82683933
21157,KY,21,157,165145860
21159,KY,21,159,3132200
21161,KY,21,161,12626390
21163,KY,21,163,42812500
21165,KY,21,165,1548293
21167,KY,21,167,34442827
21169,KY,21,169,7475094
21171,KY,21,171,4923610
21173,KY,21,173,34228828
21175,KY,21,175,825000
21177,KY,21,177,281708810
21179,KY,21,179,68903431
21183,KY,21,183,99004679
21185,KY,21,185,44854945
21187,KY,21,187,4140000
21191,KY,21,191,478460
21193,KY,21,193,25823110
21195,KY,21,195,14251000
21197,KY,21,197,5530000
21199,KY,21,199,85571101
21203,KY,21,203,14008488
21205,KY,21,205,26053500
21207,KY,21,207,33735428
21209,KY,21,209,235987526
21211,KY,21,211,95392443
21213,KY,21,213,133152721
21215,KY,21,215,324500
21217,KY,21,217,57627096
21219,KY,21,219,22810500
21221,KY,21,221,10687401
21225,KY,21,225,42514790
21227,KY,21,227,256553212
21229,KY,21,229,35980028
21231,KY,21,231,18721793
21233,KY,21,233,2887891
21235,KY,21,235,32197308
21237,KY,21,237,900000
21239,KY,21,239,54759593
22001,LA,22,001,25319049
22003,LA,22,003,73919068
22005,LA,22,005,3741679376
22007,LA,22,007,9338460
22009,LA,22,009,4388196
22011,LA,22,011,94897327
22013,LA,22,013,42104328
22015,LA,22,015,65700219
22017,LA,22,017,546873775
22019,LA,22,019,9277113126
22021,LA,22,021,167893333
22023,LA,22,023,13698759938
22025,LA,22,025,83000
22027,LA,22,027,13934
22029,LA,22,029,20168290
22031,LA,22,031,219475058
22033,LA,22,033,1065819252
22035,LA,22,035,12329016
22037,LA,22,037,21974770
22039,LA,22,039,24930379
22041,LA,22,041,9769106
22043,LA,22,043,5327272
22045,LA,22,045,41054584
22047,LA,22,047,1728488340
22049,LA,22,049,60160075
22051,LA,22,051,415132652
22053,LA,22,053,28655891
22055,LA,22,055,165711038
22057,LA,22,057,129584714
22059,LA,22,059,119926460
22061,LA,22,061,74736044
22063,LA,22,063,108940310
22065,LA,22,065,1622500
22067,LA,22,067,36795639
22069,LA,22,069,98893391
22071,LA,22,071,441468894
22073,LA,22,073,133145679
22075,LA,22,075,906092000
22077,LA,22,077,29533065
22079,LA,22,079,485481143
22081,LA,22,081,65327255
22083,LA,22,083,37581987
22085,LA,22,085,12565214
22087,LA,22,087,243799131
22089,LA,22,089,2228641416
22091,LA,22,091,1750912
22093,LA,22,093,2040365251
22095,LA,22,095,294629983
22097,LA,22,097,18199719
22099,LA,22,099,28492616
22101,LA,22,101,151619248
22103,LA,22,103,117942336
22105,LA,22,105,36323180
22109,LA,22,109,124698751
22111,LA,22,111,7306614
22113,LA,22,113,9656353
22115,LA,22,115,5848167
22117,LA,22,117,123852964
22119,LA,22,119,33323513
22121,LA,22,121,908690247
22123,LA,22,123,79710
22125,LA,22,125,59084803
22127,LA,22,127,7274919
24001,MD,24,001,4844916
24003,MD,24,003,66380982
24005,MD,24,005,1255732555
24009,MD,24,009,226559
24011,MD,24,011,7621373
24013,MD,24,013,7648791
24015,MD,24,015,6914017
24017,MD,24,017,1380103
24019,MD,24,019,6927558
24021,MD,24,021,37901262
24023,MD,24,023,6318907
24025,MD,24,025,39729423
24027,MD,24,027,24838817
24029,MD,24,029,1234996
24031,MD,24,031,194839232
24033,MD,24,033,151927155
24035,MD,24,035,2364648
24037,MD,24,037,1066189
24039,MD,24,039,126061
24041,MD,24,041,473727
24043,MD,24,043,19392973
24045,MD,24,045,2527156
24047,MD,24,047,253820
25005,MA,25,005,15469700
26005,MI,26,005,1000000
26015,MI,26,015,350000
26017,MI,26,017,320000
26021,MI,26,021,2750000
26023,MI,26,023,360000
26025,MI,26,025,12411600
26027,MI,26,027,300000
26031,MI,26,031,1000000
26037,MI,26,037,2800000
26045,MI,26,045,285600000
26047,MI,26,047,180000
26049,MI,26,049,1000000
26055,MI,26,055,8000000
26059,MI,26,059,150000
26065,MI,26,065,90309879
26067,MI,26,067,1500000
26069,MI,26,069,2000000
26075,MI,26,075,875000
26077,MI,26,077,8785000
26081,MI,26,081,267719160
26087,MI,26,087,800000
26091,MI,26,091,5665000
26093,MI,26,093,4500000
26099,MI,26,099,16600000
26103,MI,26,103,2000000
26109,MI,26,109,1000000
26111,MI,26,111,194300000
26115,MI,26,115,4600000
26117,MI,26,117,3840000
26121,MI,26,121,113140000
26125,MI,26,125,2426959035
26135,MI,26,135,1000000
26139,MI,26,139,369400000
26141,MI,26,141,1000000
26145,MI,26,145,374800000
26147,MI,26,147,6179000
26149,MI,26,149,200000
26157,MI,26,157,165000
26159,MI,26,159,350000
26161,MI,26,161,85610000
26163,MI,26,163,1866000000
26165,MI,26,165,1600000
27003,MN,27,003,2475500
27007,MN,27,007,70000
27009,MN,27,009,23800
27013,MN,27,013,556370
27015,MN,27,015,835000
27019,MN,27,019,367265
27021,MN,27,021,178981
27025,MN,27,025,205000
27027,MN,27,027,2002558
27033,MN,27,033,1300000
27037,MN,27,037,7186476
27039,MN,27,039,770000
27041,MN,27,041,503103
27045,MN,27,045,0
27049,MN,27,049,80500
27053,MN,27,053,9914921
27059,MN,27,059,1075828
27061,MN,27,061,0
27065,MN,27,065,440000
27067,MN,27,067,2332519
27069,MN,27,069,160000
27075,MN,27,075,11005
27091,MN,27,091,717280
27095,MN,27,095,31500
27099,MN,27,099,35000
27103,MN,27,103,0
27105,MN,27,105,32090
27107,MN,27,107,24500
27109,MN,27,109,585947545
27111,MN,27,111,544145
27115,MN,27,115,235000
27119,MN,27,119,28000
27123,MN,27,123,5926737
27131,MN,27,131,1803848
27137,MN,27,137,13554379
27139,MN,27,139,6784828
27141,MN,27,141,5666079
27145,MN,27,145,5828110
27151,MN,27,151,39710
27159,MN,27,159,27000
27161,MN,27,161,56500
27163,MN,27,163,655500
27165,MN,27,165,510832
27167,MN,27,167,0
27169,MN,27,169,1232630
27171,MN,27,171,3053602
28001,MS,28,001,4644614
28003,MS,28,003,6466234
28005,MS,28,005,4600000
28007,MS,28,007,379214
28011,MS,28,011,7297773
28013,MS,28,013,1282376
28015,MS,28,015,92400
28017,MS,28,017,650000
28019,MS,28,019,414000
28021,MS,28,021,200000
28023,MS,28,023,655850
28025,MS,28,025,358981915
28027,MS,28,027,2398660
28029,MS,28,029,575000
28035,MS,28,035,92651010
28039,MS,28,039,1500000
28041,MS,28,041,313076
28043,MS,28,043,3106860
28045,MS,28,045,9894750
28047,MS,28,047,447951827
28049,MS,28,049,324784666
28051,MS,28,051,1889528
28053,MS,28,053,200000
28057,MS,28,057,1487500
28059,MS,28,059,5637800
28061,MS,28,061,634845
28063,MS,28,063,0
28065,MS,28,065,50000
28067,MS,28,067,425000
28069,MS,28,069,536000
28071,MS,28,071,784508
28073,MS,28,073,1000000
28075,MS,28,075,7890850
28079,MS,28,079,150000
28081,MS,28,081,24609627
28083,MS,28,083,8262837
28085,MS,28,085,1300000
28087,MS,28,087,448762900
28089,MS,28,089,1415209512
28091,MS,28,091,1547000
28093,MS,28,093,28223341
28095,MS,28,095,2024300
28097,MS,28,097,296475
28099,MS,28,099,4675000
28101,MS,28,101,1940000
28103,MS,28,103,368000
28105,MS,28,105,3575000
28107,MS,28,107,10571040
28109,MS,28,109,2850000
28113,MS,28,113,2900000
28115,MS,28,115,178773250
28117,MS,28,117,2012000
28119,MS,28,119,498347
28121,MS,28,121,105123968
28123,MS,28,123,1875505
28127,MS,28,127,150000
28131,MS,28,131,155996
28133,MS,28,133,208500
28135,MS,28,135,459967
28137,MS,28,137,4903637
28139,MS,28,139,2345000
28141,MS,28,141,5395790
28143,MS,28,143,50700011
28145,MS,28,145,1297050
28147,MS,28,147,240185
28149,MS,28,149,4426694
28151,MS,28,151,607728
28153,MS,28,153,100000
28155,MS,28,155,445000
28157,MS,28,157,2000000
28159,MS,28,159,379387
28161,MS,28,161,3193000
28163,MS,28,163,3300000
29003,MO,29,003,740939
29005,MO,29,005,426794
29009,MO,29,009,321534
29019,MO,29,019,4355577
29021,MO,29,021,13879
29031,MO,29,031,210953
29037,MO,29,037,966640
29041,MO,29,041,63931
29043,MO,29,043,918000
29047,MO,29,047,2452514
29051,MO,29,051,366876
29055,MO,29,055,88565
29071,MO,29,071,1074277
29073,MO,29,073,558019
29077,MO,29,077,2910683
29089,MO,29,089,384750
29095,MO,29,095,357456064
29097,MO,29,097,950267
29101,MO,29,101,356372
29121,MO,29,121,4601052
29127,MO,29,127,51840
29131,MO,29,131,1159926
29135,MO,29,135,113528
29139,MO,29,139,159500
29147,MO,29,147,1331
29159,MO,29,159,4748911
29161,MO,29,161,114637
29165,MO,29,165,0
29167,MO,29,167,1030453
29175,MO,29,175,73771
29183,MO,29,183,90760203
29186,MO,29,186,642270
29187,MO,29,187,538157
29189,MO,29,189,598179743
29201,MO,29,201,1539275
29219,MO,29,219,407842
29223,MO,29,223,139237
30001,MT,30,001,241748
30003,MT,30,003,282500
30005,MT,30,005,78350
30007,MT,30,007,53298
30009,MT,30,009,77957
30013,MT,30,013,3546686
30015,MT,30,015,611298
30017,MT,30,017,678200
30019,MT,30,019,2200
30021,MT,30,021,78204
30023,MT,30,023,262250
30025,MT,30,025,110928
30027,MT,30,027,290079
30029,MT,30,029,3963491
30031,MT,30,031,10617859
30035,MT,30,035,258100
30037,MT,30,037,7155
30039,MT,30,039,51200
30041,MT,30,041,49975
30043,MT,30,043,136839
30045,MT,30,045,2500
30047,MT,30,047,742292
30049,MT,30,049,607723
30051,MT,30,051,234500
30053,MT,30,053,520043
30057,MT,30,057,85408
30059,MT,30,059,12975
30061,MT,30,061,10250
30063,MT,30,063,13814894
30065,MT,30,065,306000
30067,MT,30,067,2044394
30069,MT,30,069,10500
30071,MT,30,071,599775
30073,MT,30,073,351439
30077,MT,30,077,37800
30079,MT,30,079,25000
30081,MT,30,081,2320712
30083,MT,30,083,108325
30085,MT,30,085,753849
30087,MT,30,087,72000
30089,MT,30,089,243069
30091,MT,30,091,25000
30093,MT,30,093,2692866
30095,MT,30,095,207360
30097,MT,30,097,25043
30099,MT,30,099,13642
30101,MT,30,101,354500
30105,MT,30,105,116098
30107,MT,30,107,91992
30111,MT,30,111,4009550
31001,NE,31,001,7091426
31003,NE,31,003,743912
31011,NE,31,011,4412849
31013,NE,31,013,2918847
31017,NE,31,017,192821
31019,NE,31,019,24978838
31021,NE,31,021,131498
31023,NE,31,023,715227
31025,NE,31,025,3890012
31027,NE,31,027,1708424
31029,NE,31,029,304363
31031,NE,31,031,713072
31033,NE,31,033,10499865
31035,NE,31,035,153538
31037,NE,31,037,307456
31039,NE,31,039,2735207
31041,NE,31,041,3141331
31043,NE,31,043,11488169
31045,NE,31,045,1063212
31047,NE,31,047,24614243
31051,NE,31,051,2508220
31053,NE,31,053,16636370
31055,NE,31,055,513140242
31057,NE,31,057,682840
31059,NE,31,059,8546019
31063,NE,31,063,271321
31065,NE,31,065,6007924
31067,NE,31,067,24006012
31071,NE,31,071,61301
31073,NE,31,073,72882
31077,NE,31,077,108532
31079,NE,31,079,25118139
31081,NE,31,081,1169916
31083,NE,31,083,951425
31089,NE,31,089,9785967
31093,NE,31,093,416670
31095,NE,31,095,1783733
31097,NE,31,097,200750349
31099,NE,31,099,334169
31101,NE,31,101,4837663
31105,NE,31,105,140637
31107,NE,31,107,101662
31109,NE,31,109,70940710
31111,NE,31,111,12727122
31119,NE,31,119,6038573
31121,NE,31,121,13301752
31123,NE,31,123,9213959
31125,NE,31,125,1340323
31127,NE,31,127,2696937
31129,NE,31,129,1960235
31131,NE,31,131,896966
31133,NE,31,133,270398
31135,NE,31,135,452216
31137,NE,31,137,3774986
31141,NE,31,141,6254692
31143,NE,31,143,190775
31145,NE,31,145,3966410
31147,NE,31,147,3125718
31151,NE,31,151,1303610
31153,NE,31,153,17015466
31155,NE,31,155,11416118
31157,NE,31,157,6519301
31159,NE,31,159,2109439
31161,NE,31,161,18152
31163,NE,31,163,874673
31169,NE,31,169,1301946
31173,NE,31,173,324518
31175,NE,31,175,11377538
31177,NE,31,177,2760351
31179,NE,31,179,1524499
31181,NE,31,181,152239
31185,NE,31,185,2912917
32001,NV,32,001,17744021
32003,NV,32,003,600141547
32005,NV,32,005,8049081
32007,NV,32,007,2051234
32013,NV,32,013,12967753
32019,NV,32,019,25271262
32023,NV,32,023,2328266
32027,NV,32,027,197400
32029,NV,32,029,1371902151
32031,NV,32,031,397692392
32033,NV,32,033,291767
34001,NJ,34,001,574156289
34003,NJ,34,003,638268981
34005,NJ,34,005,285184647
34007,NJ,34,007,2243136558
34011,NJ,34,011,94901670
34013,NJ,34,013,941253801
34015,NJ,34,015,142419033
34017,NJ,34,017,2059456503
34019,NJ,34,019,30306550
34021,NJ,34,021,252001680
34023,NJ,34,023,638064673
34025,NJ,34,025,142196205
34027,NJ,34,027,393167622
34029,NJ,34,029,56407988
34031,NJ,34,031,359115549
34033,NJ,34,033,643500
34035,NJ,34,035,189700553
34037,NJ,34,037,587633
34039,NJ,34,039,205457270
34041,NJ,34,041,1050000
35001,NM,35,001,596426926
35005,NM,35,005,4932271
35007,NM,35,007,73636
35009,NM,35,009,1116958
35013,NM,35,013,28661529
35015,NM,35,015,1547928
35017,NM,35,017,225260
35019,NM,35,019,501534
35025,NM,35,025,1183525
35027,NM,35,027,101540
35028,NM,35,028,1116862
35029,NM,35,029,828670
35035,NM,35,035,2567556
35037,NM,35,037,50000
35039,NM,35,039,120728
35041,NM,35,041,1787403
35043,NM,35,043,2025574679
35045,NM,35,045,3312848
35047,NM,35,047,716163
35049,NM,35,049,9992802
35051,NM,35,051,859722
35053,NM,35,053,298636
35055,NM,35,055,1131990
35057,NM,35,057,1001687
35061,NM,35,061,13408795
36001,NY,36,001,114662028
36003,NY,36,003,6111216
36005,NY,36,005,926661424
36007,NY,36,007,192110952
36009,NY,36,009,42697344
36011,NY,36,011,16475926
36013,NY,36,013,9404186
36017,NY,36,017,31263274
36019,NY,36,019,23468664
36021,NY,36,021,5291984
36023,NY,36,023,1061924
36025,NY,36,025,3313320
36027,NY,36,027,1709528556
36029,NY,36,029,2129815770
36033,NY,36,033,9164858
36037,NY,36,037,547168790
36039,NY,36,039,235812382
36043,NY,36,043,930760
36045,NY,36,045,12825570
36047,NY,36,047,1332132516
36051,NY,36,051,9549034
36055,NY,36,055,98910093
36057,NY,36,057,27960935
36059,NY,36,059,308459753
36061,NY,36,061,7749075685
36063,NY,36,063,1738985555
36065,NY,36,065,49469150
36067,NY,36,067,1485236953
36069,NY,36,069,40671614
36071,NY,36,071,37889026
36073,NY,36,073,2033036
36075,NY,36,075,176708764
36081,NY,36,081,2423115910
36083,NY,36,083,565928022
36085,NY,36,085,27065034
36087,NY,36,087,131851922
36089,NY,36,089,167441395
36091,NY,36,091,2451606851
36093,NY,36,093,125938099
36095,NY,36,095,20330047
36097,NY,36,097,7920182
36099,NY,36,099,14023310
36101,NY,36,101,40736938
36103,NY,36,103,290247504
36105,NY,36,105,39606202
36107,NY,36,107,25940786
36109,NY,36,109,3649146
36111,NY,36,111,53214236
36113,NY,36,113,11208263
36115,NY,36,115,3166265
36117,NY,36,117,4303826
36119,NY,36,119,1446037993
36121,NY,36,121,51899039
36123,NY,36,123,3765888
37001,NC,37,001,23348569.375
37003,NC,37,003,1048599
37005,NC,37,005,37500
37007,NC,37,007,494696
37009,NC,37,009,2523500
37011,NC,37,011,32015
37013,NC,37,013,18604470
37015,NC,37,015,20000
37017,NC,37,017,2500550
37019,NC,37,019,14777207.208333334
37021,NC,37,021,28126954.466666665
37023,NC,37,023,11116105
37025,NC,37,025,56961056.25
37027,NC,37,027,262822218
37031,NC,37,031,150000
37033,NC,37,033,63076.125
37035,NC,37,035,18225407
37037,NC,37,037,439340885.125
37039,NC,37,039,823150
37041,NC,37,041,547473
37045,NC,37,045,25453335
37047,NC,37,047,4388154.875
37049,NC,37,049,15189916.333333334
37051,NC,37,051,2413128
37055,NC,37,055,226076.125
37057,NC,37,057,13422200
37059,NC,37,059,9553657.25
37061,NC,37,061,2161713.904761905
37063,NC,37,063,141399198.73214287
37065,NC,37,065,28317960
37067,NC,37,067,313952292.4047619
37069,NC,37,069,4089760
37071,NC,37,071,24351232.241666667
37075,NC,37,075,161946
37077,NC,37,077,5191900
37079,NC,37,079,107500
37081,NC,37,081,127306188.04166667
37083,NC,37,083,8520213.125
37085,NC,37,085,802942
37087,NC,37,087,140000
37089,NC,37,089,7571547.5
37091,NC,37,091,534244.6666666666
37093,NC,37,093,973040
37097,NC,37,097,22991838.283333335
37099,NC,37,099,47145.8
37101,NC,37,101,139006238.85714287
37103,NC,37,103,340000
37105,NC,37,105,20488800
37107,NC,37,107,17777360
37109,NC,37,109,7128159.50952381
37111,NC,37,111,2636020
37115,NC,37,115,254532.5
37117,NC,37,117,2026060
37119,NC,37,119,1366706103.5297618
37121,NC,37,121,51500
37123,NC,37,123,921760
37125,NC,37,125,87500
37127,NC,37,127,4863202.666666667
37129,NC,37,129,51064916.74642857
37131,NC,37,131,2689419
37133,NC,37,133,3931246.779761905
37135,NC,37,135,8252687.982142857
37139,NC,37,139,717500
37141,NC,37,141,12569658.541666666
37143,NC,37,143,75000
37145,NC,37,145,12596171.25
37147,NC,37,147,19516480
37149,NC,37,149,515000
37151,NC,37,151,523502045
37153,NC,37,153,5805765.583333333
37155,NC,37,155,2551805
37157,NC,37,157,45243506.208333336
37159,NC,37,159,24248045.214285713
37161,NC,37,161,9709032
37163,NC,37,163,10014879.666666666
37165,NC,37,165,8115272
37167,NC,37,167,852500
37169,NC,37,169,68305
37171,NC,37,171,2801310.7142857146
37175,NC,37,175,962682.1428571428
37179,NC,37,179,6041979.7
37181,NC,37,181,3469000
37183,NC,37,183,418067417.5738095
37187,NC,37,187,1266513
37189,NC,37,189,22769.5
37191,NC,37,191,1135466
37193,NC,37,193,2008560.6666666667
37195,NC,37,195,20487575
37197,NC,37,197,860000
37199,NC,37,199,1366200
39001,OH,39,001,32313
39003,OH,39,003,14789748
39005,OH,39,005,13132450
39007,OH,39,007,3890151
39009,OH,39,009,23890674
39011,OH,39,011,14335649
39013,OH,39,013,2390306
39015,OH,39,015,769327
39017,OH,39,017,58084595
39019,OH,39,019,735000
39021,OH,39,021,1425788
39023,OH,39,023,18588105
39025,OH,39,025,19239859
39027,OH,39,027,127743740
39029,OH,39,029,4784099
39031,OH,39,031,2044278
39033,OH,39,033,2273760
39035,OH,39,035,670141323
39037,OH,39,037,7602451
39039,OH,39,039,26081629
39041,OH,39,041,104874054
39043,OH,39,043,8076059
39045,OH,39,045,3792390
39047,OH,39,047,80314269
39049,OH,39,049,712242939
39051,OH,39,051,6066853.333333333
39053,OH,39,053,741922
39055,OH,39,055,8530981
39057,OH,39,057,14591614
39059,OH,39,059,4271959
39061,OH,39,061,989830723
39063,OH,39,063,98770736
39065,OH,39,065,5408553
39067,OH,39,067,9500
39069,OH,39,069,5518574.333333333
39071,OH,39,071,1257835
39073,OH,39,073,415397
39075,OH,39,075,2079670
39077,OH,39,077,2586512
39079,OH,39,079,10591474
39081,OH,39,081,3694844
39083,OH,39,083,6649810
39085,OH,39,085,13158606
39087,OH,39,087,11939491
39089,OH,39,089,582203660
39091,OH,39,091,5479835
39093,OH,39,093,312145944
39095,OH,39,095,94833546
39097,OH,39,097,10535679
39099,OH,39,099,25026676
39101,OH,39,101,9320712
39103,OH,39,103,12783588
39107,OH,39,107,1782719
39109,OH,39,109,18238130
39111,OH,39,111,9216751
39113,OH,39,113,163964816
39115,OH,39,115,1522073
39117,OH,39,117,1885198
39119,OH,39,119,5163720
39121,OH,39,121,18750
39123,OH,39,123,2130109
39125,OH,39,125,81519
39127,OH,39,127,2340
39129,OH,39,129,9820368
39131,OH,39,131,5421205
39133,OH,39,133,30868496
39135,OH,39,135,4646224
39137,OH,39,137,4587554
39139,OH,39,139,17595552
39141,OH,39,141,2510130
39143,OH,39,143,5646839
39145,OH,39,145,6210046
39147,OH,39,147,3642808
39149,OH,39,149,14051767
39151,OH,39,151,79652129
39153,OH,39,153,308667512
39155,OH,39,155,249560072
39157,OH,39,157,3173088
39159,OH,39,159,7802123
39161,OH,39,161,1040369
39163,OH,39,163,208349
39165,OH,39,165,35361950
39167,OH,39,167,6868941
39169,OH,39,169,28076369
39171,OH,39,171,2833578.3333333335
39173,OH,39,173,125657730
39175,OH,39,175,1723011
40001,OK,40,001,36465
40007,OK,40,007,26784788
40009,OK,40,009,8299532
40011,OK,40,011,3989128
40013,OK,40,013,9834835
40015,OK,40,015,2430328
40017,OK,40,017,33718490
40019,OK,40,019,6308270
40023,OK,40,023,54987
40027,OK,40,027,4748530
40029,OK,40,029,3852675
40031,OK,40,031,19423713
40037,OK,40,037,18158
40039,OK,40,039,5527878
40041,OK,40,041,18523
40043,OK,40,043,30249124
40045,OK,40,045,5435182
40047,OK,40,047,278878166
40049,OK,40,049,8694297
40051,OK,40,051,62963826
40053,OK,40,053,13443116
40059,OK,40,059,983212
40063,OK,40,063,3559188
40065,OK,40,065,17369
40071,OK,40,071,54923977
40073,OK,40,073,19857189
40075,OK,40,075,5461452
40077,OK,40,077,18815
40089,OK,40,089,5980537
40095,OK,40,095,34686
40097,OK,40,097,262092878
40099,OK,40,099,19782738
40101,OK,40,101,1320271
40103,OK,40,103,17638
40109,OK,40,109,2953144
40111,OK,40,111,19127
40113,OK,40,113,9261248
40115,OK,40,115,18655
40119,OK,40,119,753904
40121,OK,40,121,54886
40123,OK,40,123,4610096
40125,OK,40,125,94871
40129,OK,40,129,2942672
40131,OK,40,131,6362237
40133,OK,40,133,16803807
40135,OK,40,135,17569
40137,OK,40,137,6422033
40139,OK,40,139,27492098
40143,OK,40,143,24162470
40145,OK,40,145,109487
40149,OK,40,149,9167576
40151,OK,40,151,2650975
40153,OK,40,153,17462396
41001,OR,41,001,2827379
41003,OR,41,003,4475935
41005,OR,41,005,28351921
41007,OR,41,007,17304251
41009,OR,41,009,17200176
41011,OR,41,011,5310707
41013,OR,41,013,350689835
41015,OR,41,015,271433
41017,OR,41,017,29624790
41019,OR,41,019,106096325
41021,OR,41,021,37693067
41023,OR,41,023,1336342
41025,OR,41,025,1867338
41027,OR,41,027,3304096
41029,OR,41,029,22525034
41031,OR,41,031,2635208
41033,OR,41,033,5447210
41035,OR,41,035,11483333
41037,OR,41,037,18933798
41039,OR,41,039,106247129
41041,OR,41,041,13916739
41043,OR,41,043,77773984
41045,OR,41,045,14987534
41047,OR,41,047,57604745
41049,OR,41,049,6858517057
41051,OR,41,051,229959309
41053,OR,41,053,9929276
41055,OR,41,055,50923258
41057,OR,41,057,9174056
41059,OR,41,059,297494802
41061,OR,41,061,6818814
41063,OR,41,063,1613925
41065,OR,41,065,535319633
41067,OR,41,067,833734569
41069,OR,41,069,75000
41071,OR,41,071,15784929
42001,PA,42,001,400000
42003,PA,42,003,662136614
42007,PA,42,007,21347234
42009,PA,42,009,150000
42011,PA,42,011,1608000
42013,PA,42,013,680000
42015,PA,42,015,742000
42017,PA,42,017,7324196
42019,PA,42,019,508000
42021,PA,42,021,2000000
42023,PA,42,023,747650
42029,PA,42,029,174324531
42031,PA,42,031,680000
42033,PA,42,033,1897139
42037,PA,42,037,774000
42039,PA,42,039,3595742
42041,PA,42,041,1552000
42043,PA,42,043,2059610
42045,PA,42,045,181944618
42047,PA,42,047,1982776
42049,PA,42,049,3588904
42051,PA,42,051,1909200
42055,PA,42,055,4754000
42061,PA,42,061,224000
42063,PA,42,063,1276382
42067,PA,42,067,1584000
42069,PA,42,069,2972608
42071,PA,42,071,5552957
42073,PA,42,073,1904128
42075,PA,42,075,1100000
42077,PA,42,077,11455922
42079,PA,42,079,8088500
42081,PA,42,081,1150000
42085,PA,42,085,1822000
42087,PA,42,087,196000
42089,PA,42,089,1998000
42091,PA,42,091,60462772
42095,PA,42,095,21125792
42097,PA,42,097,1332000
42101,PA,42,101,230559745
42103,PA,42,103,1900000
42107,PA,42,107,1760000
42109,PA,42,109,360000
42111,PA,42,111,150000
42113,PA,42,113,378000
42115,PA,42,115,892000
42119,PA,42,119,360000
42123,PA,42,123,760000
42125,PA,42,125,1407000
42127,PA,42,127,180000
42129,PA,42,129,1880634
42131,PA,42,131,228000
42133,PA,42,133,8000000
45001,SC,45,001,348736
45003,SC,45,003,77087489
45005,SC,45,005,250000
45007,SC,45,007,27067239
45009,SC,45,009,1600000
45011,SC,45,011,4978997
45013,SC,45,013,200000
45015,SC,45,015,214734441
45017,SC,45,017,1000000
45019,SC,45,019,1049777109.5
45021,SC,45,021,1690925
45023,SC,45,023,63791005
45025,SC,45,025,1197542
45027,SC,45,027,1495312
45029,SC,45,029,1990739
45031,SC,45,031,1431390
45033,SC,45,033,1400000
45035,SC,45,035,3280392
45037,SC,45,037,275360
45039,SC,45,039,2869531
45041,SC,45,041,12077715
45043,SC,45,043,2337852.5
45045,SC,45,045,20388791
45047,SC,45,047,3090043
45049,SC,45,049,8510000
45051,SC,45,051,2460797
45053,SC,45,053,1352674
45055,SC,45,055,2634746
45057,SC,45,057,6365011
45059,SC,45,059,4337407
45061,SC,45,061,75000
45063,SC,45,063,70880516
45067,SC,45,067,1868354
45069,SC,45,069,820838
45071,SC,45,071,20326118
45073,SC,45,073,3324977
45075,SC,45,075,3231071
45077,SC,45,077,1738274
45079,SC,45,079,1306643340
45081,SC,45,081,1150000
45083,SC,45,083,52027857
45085,SC,45,085,38391297
45087,SC,45,087,3263807
45089,SC,45,089,1264067
45091,SC,45,091,404800867
46135,SD,46,135,0
47001,TN,47,001,11463637
47003,TN,47,003,2351575
47007,TN,47,007,3810000
47009,TN,47,009,26041000
47011,TN,47,011,14346453
47013,TN,47,013,2793227
47015,TN,47,015,104000
47017,TN,47,017,6825000
47019,TN,47,019,469580
47021,TN,47,021,4054250
47023,TN,47,023,779043
47025,TN,47,025,1456250
47027,TN,47,027,300000
47029,TN,47,029,761457
47031,TN,47,031,5428088
47033,TN,47,033,137500
47035,TN,47,035,3447000
47037,TN,47,037,379977146
47039,TN,47,039,108600
47043,TN,47,043,10796018
47045,TN,47,045,7657197
47047,TN,47,047,5121439
47049,TN,47,049,569255
47051,TN,47,051,4685000
47053,TN,47,053,4329960
47055,TN,47,055,8209603
47057,TN,47,057,0
47059,TN,47,059,5066740
47061,TN,47,061,125608
47063,TN,47,063,8499587
47065,TN,47,065,600138490
47067,TN,47,067,658116
47069,TN,47,069,3845008
47071,TN,47,071,1480200
47073,TN,47,073,3091450
47075,TN,47,075,1095700
47077,TN,47,077,6714162
47079,TN,47,079,1255850
47081,TN,47,081,50400
47085,TN,47,085,1827900
47087,TN,47,087,62000
47089,TN,47,089,5653700
47091,TN,47,091,2293000
47093,TN,47,093,17770102
47095,TN,47,095,2200000
47097,TN,47,097,358400
47099,TN,47,099,1521826
47101,TN,47,101,638400
47103,TN,47,103,8797530
47105,TN,47,105,3637000
47111,TN,47,111,2500000
47113,TN,47,113,7809904
47115,TN,47,115,8105136
47117,TN,47,117,5055895
47119,TN,47,119,122991233
47121,TN,47,121,1500000
47123,TN,47,123,1082120
47125,TN,47,125,180289050
47127,TN,47,127,1500000
47129,TN,47,129,200000
47131,TN,47,131,11575500
47133,TN,47,133,1674700
47135,TN,47,135,428400
47137,TN,47,137,80300
47139,TN,47,139,0
47141,TN,47,141,16608450
47143,TN,47,143,2312250
47145,TN,47,145,2524000
47147,TN,47,147,7557671
47149,TN,47,149,128578182
47151,TN,47,151,700250
47153,TN,47,153,2148000
47155,TN,47,155,2402284
47157,TN,47,157,697458998
47159,TN,47,159,119820
47161,TN,47,161,600000
47163,TN,47,163,31657218
47165,TN,47,165,10906809
47167,TN,47,167,4027033
47169,TN,47,169,1790600
47171,TN,47,171,1068200
47175,TN,47,175,0
47177,TN,47,177,9199133
47179,TN,47,179,5980700
47181,TN,47,181,545335
47183,TN,47,183,6142000
47185,TN,47,185,1902940
47187,TN,47,187,246058132
47189,TN,47,189,34480324
48001,TX,48,001,0
48003,TX,48,003,0
48005,TX,48,005,0
48009,TX,48,009,0
48015,TX,48,015,0
48021,TX,48,021,0
48027,TX,48,027,0
48029,TX,48,029,35568048
48037,TX,48,037,0
48039,TX,48,039,35072789
48041,TX,48,041,0
48047,TX,48,047,0
48049,TX,48,049,0
48051,TX,48,051,0
48053,TX,48,053,0
48055,TX,48,055,0
48057,TX,48,057,0
48059,TX,48,059,27338792
48061,TX,48,061,0
48063,TX,48,063,0
48065,TX,48,065,0
48067,TX,48,067,0
48071,TX,48,071,0
48073,TX,48,073,0
48081,TX,48,081,0
48085,TX,48,085,630119324
48089,TX,48,089,0
48091,TX,48,091,0
48093,TX,48,093,0
48097,TX,48,097,0
48099,TX,48,099,0
48111,TX,48,111,14603858
48113,TX,48,113,50802275
48117,TX,48,117,0
48121,TX,48,121,802000000
48129,TX,48,129,0
48135,TX,48,135,91600000
48139,TX,48,139,0
48141,TX,48,141,0
48143,TX,48,143,0
48153,TX,48,153,0
48157,TX,48,157,0
48167,TX,48,167,0
48173,TX,48,173,0
48177,TX,48,177,0
48181,TX,48,181,0
48183,TX,48,183,0
48185,TX,48,185,0
48187,TX,48,187,0
48189,TX,48,189,0
48193,TX,48,193,0
48195,TX,48,195,0
48197,TX,48,197,0
48199,TX,48,199,0
48201,TX,48,201,12336997
48203,TX,48,203,0
48209,TX,48,209,11000000
48213,TX,48,213,0
48215,TX,48,215,0
48221,TX,48,221,0
48223,TX,48,223,0
48225,TX,48,225,200000
48227,TX,48,227,0
48231,TX,48,231,0
48233,TX,48,233,33918601
48237,TX,48,237,0
48239,TX,48,239,0
48241,TX,48,241,0
48245,TX,48,245,65938397
48251,TX,48,251,0
48257,TX,48,257,0
48259,TX,48,259,0
48277,TX,48,277,0
48281,TX,48,281,0
48291,TX,48,291,0
48293,TX,48,293,0
48297,TX,48,297,0
48303,TX,48,303,10911500
48317,TX,48,317,0
48321,TX,48,321,6000000
48323,TX,48,323,0
48329,TX,48,329,0
48331,TX,48,331,0
48339,TX,48,339,175000000
48341,TX,48,341,0
48347,TX,48,347,0
48349,TX,48,349,0
48351,TX,48,351,0
48353,TX,48,353,58010908
48355,TX,48,355,0
48357,TX,48,357,0
48359,TX,48,359,0
48361,TX,48,361,0
48363,TX,48,363,0
48365,TX,48,365,0
48367,TX,48,367,0
48369,TX,48,369,0
48373,TX,48,373,1140000
48375,TX,48,375,0
48381,TX,48,381,0
48401,TX,48,401,0
48403,TX,48,403,0
48409,TX,48,409,0
48415,TX,48,415,4539053
48417,TX,48,417,0
48419,TX,48,419,0
48421,TX,48,421,0
48423,TX,48,423,0
48437,TX,48,437,0
48439,TX,48,439,387700000
48441,TX,48,441,0
48445,TX,48,445,0
48449,TX,48,449,0
48451,TX,48,451,0
48453,TX,48,453,352508917
48461,TX,48,461,0
48469,TX,48,469,0
48471,TX,48,471,0
48473,TX,48,473,0
48477,TX,48,477,0
48479,TX,48,479,0
48481,TX,48,481,0
48483,TX,48,483,0
48485,TX,48,485,0
48487,TX,48,487,0
48489,TX,48,489,0
48491,TX,48,491,0
48497,TX,48,497,0
48499,TX,48,499,0
48501,TX,48,501,0
49003,UT,49,003,85000000
49005,UT,49,005,2502905
49011,UT,49,011,24638725.666666668
49021,UT,49,021,125000
49027,UT,49,027,350000
49035,UT,49,035,149455826.66666666
49043,UT,49,043,200000
49045,UT,49,045,208500
49049,UT,49,049,269628830.6666667
49053,UT,49,053,5327159
49057,UT,49,057,2442730
50001,VT,50,001,1725792
50003,VT,50,003,7638819
50005,VT,50,005,4026926
50007,VT,50,007,38225192
50009,VT,50,009,1035670
50011,VT,50,011,13448494
50013,VT,50,013,0
50015,VT,50,015,28900
50017,VT,50,017,1217265
50019,VT,50,019,647832
50021,VT,50,021,3132543
50023,VT,50,023,3342937
50025,VT,50,025,2430740
50027,VT,50,027,6488670
51001,VA,51,001,593712
51003,VA,51,003,2554500
51005,VA,51,005,3066841
51011,VA,51,011,1948000
51013,VA,51,013,782880350
51015,VA,51,015,4597750
51017,VA,51,017,283750
51019,VA,51,019,1860309
51021,VA,51,021,275000
51023,VA,51,023,9931500
51025,VA,51,025,127220
51027,VA,51,027,8800
51029,VA,51,029,150000
51031,VA,51,031,1143800
51033,VA,51,033,1320000
51035,VA,51,035,1387500
51037,VA,51,037,1844514
51041,VA,51,041,19110884
51043,VA,51,043,600000
51047,VA,51,047,3400000
51051,VA,51,051,123525
51053,VA,51,053,8952411
51057,VA,51,057,50000
51059,VA,51,059,45349252
51061,VA,51,061,1304000
51063,VA,51,063,400000
51065,VA,51,065,11230
51067,VA,51,067,3108538
51069,VA,51,069,13402750
51071,VA,51,071,2921700
51073,VA,51,073,530000
51075,VA,51,075,1355665
51077,VA,51,077,1997290
51081,VA,51,081,2211776
51083,VA,51,083,2336599
51085,VA,51,085,3232616
51087,VA,51,087,59498582
51089,VA,51,089,14706693
51095,VA,51,095,1003571
51099,VA,51,099,330000
51101,VA,51,101,100000
51103,VA,51,103,63318.25
51105,VA,51,105,175000
51107,VA,51,107,4323076
51109,VA,51,109,285000
51111,VA,51,111,688585
51113,VA,51,113,117323
51117,VA,51,117,11582205
51121,VA,51,121,3369697
51127,VA,51,127,15000
51131,VA,51,131,1028817
51133,VA,51,133,232392
51135,VA,51,135,900000
51137,VA,51,137,2205812
51139,VA,51,139,493238
51141,VA,51,141,367335
51143,VA,51,143,2524944
51145,VA,51,145,1000000
51147,VA,51,147,2107234
51149,VA,51,149,135402787
51153,VA,51,153,3476450
51155,VA,51,155,14836738
51159,VA,51,159,8607610.25
51161,VA,51,161,2724400
51163,VA,51,163,216800
51165,VA,51,165,10314651
51167,VA,51,167,2538100
51169,VA,51,169,3330421
51171,VA,51,171,1877450
51173,VA,51,173,3504915
51175,VA,51,175,1718334
51177,VA,51,177,3003500
51179,VA,51,179,24500
51183,VA,51,183,380810
51185,VA,51,185,1662355
51187,VA,51,187,1247043
51191,VA,51,191,2500599
51193,VA,51,193,225555
51195,VA,51,195,3697071
51197,VA,51,197,3721070
51199,VA,51,199,320000
54001,WV,54,001,272509
54003,WV,54,003,1853343
54007,WV,54,007,419217
54009,WV,54,009,10356650
54011,WV,54,011,5932883
54019,WV,54,019,357812
54021,WV,54,021,1800
54023,WV,54,023,19730
54025,WV,54,025,774095
54027,WV,54,027,5811
54029,WV,54,029,988939
54031,WV,54,031,6291659
54033,WV,54,033,26019929
54035,WV,54,035,1424176
54037,WV,54,037,1863501
54039,WV,54,039,51682353
54041,WV,54,041,18782
54045,WV,54,045,904056
54047,WV,54,047,6877
54049,WV,54,049,39519645
54051,WV,54,051,4379367
54053,WV,54,053,993829
54055,WV,54,055,1903070
54057,WV,54,057,566049
54059,WV,54,059,117231
54061,WV,54,061,676041284
54063,WV,54,063,1414050
54065,WV,54,065,15619
54067,WV,54,067,185099
54069,WV,54,069,142154296
54075,WV,54,075,61376
54077,WV,54,077,2058566
54079,WV,54,079,4219695
54081,WV,54,081,2649873
54083,WV,54,083,384355
54085,WV,54,085,264558
54087,WV,54,087,1409479
54089,WV,54,089,7500
54091,WV,54,091,6050
54093,WV,54,093,48064
54095,WV,54,095,156676
54097,WV,54,097,925716
54099,WV,54,099,10343413
54101,WV,54,101,51853
54105,WV,54,105,151217
54107,WV,54,107,4771765
55001,WI,55,001,297624
55003,WI,55,003,223876
55005,WI,55,005,7455086
55007,WI,55,007,314000
55009,WI,55,009,137559724
55011,WI,55,011,153963
55013,WI,55,013,321073
55015,WI,55,015,3270883
55017,WI,55,017,13196070
55019,WI,55,019,3447690
55021,WI,55,021,3554627
55023,WI,55,023,3576260
55025,WI,55,025,254063918
55027,WI,55,027,9933360
55029,WI,55,029,869151
55031,WI,55,031,25780215
55033,WI,55,033,3055578
55035,WI,55,035,17821575
55039,WI,55,039,208320999
55041,WI,55,041,1310000
55043,WI,55,043,3420666
55045,WI,55,045,1615160
55047,WI,55,047,2741286
55049,WI,55,049,565008
55051,WI,55,051,9800
55053,WI,55,053,884575
55055,WI,55,055,8090848
55057,WI,55,057,3443714
55059,WI,55,059,120318239
55061,WI,55,061,1539031
55063,WI,55,063,67656849
55065,WI,55,065,4388471
55067,WI,55,067,2106600
55069,WI,55,069,962000
55071,WI,55,071,18459239
55073,WI,55,073,51976992
55075,WI,55,075,33023566
55077,WI,55,077,7571540
55078,WI,55,078,568800
55079,WI,55,079,485232114
55081,WI,55,081,5693183
55083,WI,55,083,3305103
55085,WI,55,085,3174722
55087,WI,55,087,57351375
55089,WI,55,089,13745566
55093,WI,55,093,10626403
55095,WI,55,095,7839445
55097,WI,55,097,11077390
55099,WI,55,099,2723668
55101,WI,55,101,2928752677
55103,WI,55,103,2460069
55105,WI,55,105,84174281
55107,WI,55,107,5689546
55109,WI,55,109,10891400
55111,WI,55,111,8572494
55113,WI,55,113,750000
55115,WI,55,115,2750161
55117,WI,55,117,50449427
55119,WI,55,119,8258639
55121,WI,55,121,2264872
55123,WI,55,123,3134742
55125,WI,55,125,63300
55127,WI,55,127,8943913
55129,WI,55,129,1173218
55131,WI,55,131,25357742
55133,WI,55,133,219994207
55135,WI,55,135,5989933
55137,WI,55,137,286464
55139,WI,55,139,111846450
55141,WI,55,141,8506370
